coin,address
AURA,CMkj12qHC9RjAUs1MED38Bt7gfyP3TbEpa1mcBno3RUY
AURA,0xc0c293ce456ff0ed870add98a0828dd4d2903dbf
AURA,DtR4D9FtVoTX2569gaL837ZgrB6wNjj6tkmnX9Rdk9B2
AURA,0x4381Bc7D5640bf514a508e2732eC522C650C414C
BABYLUNA,0x6cd8ee38182d42e65deae25dd383e12f811faa4a
BABYLUNA,0xec9386c814234e217c1557cf49eee2c039f6c3d2
BABYTOSHI,0xd54Bf3470e7a09b6F860f90F35Ae053dB64d5657
BABYREI,0x445df6b5ecda18546b4d00b2434afc9970711939
BASEVERSE BY VIRTUALS,0x653ae9c4bbd160d98c354285a7c82a9536bfe728
BB,0x4F7Cc8eF14f3Dc76Ee2fB60028749E1B61CEa162
BENJI,CPjDhhBpwEsLygNuczKcNwBPgMeni1xLomD48x51MyYU
BIXBT,0x9dbc8ac29c0392f8bc2221d3b42c5523fc89b1b6
BOCHI,0x48bfc14bbce369f5144613a79609b4a3257f20b4
BRETT,0x80eE5c641A8fFC607545219a3856562F56427FE9
BRETT,0x532f27101965dd16442e59d40670faf5ebb142e4
BRETT,0x240D6FAF8c3B1A7394e371792A3bf9D28DD65515
BRETT,DxtssVdyYe4wWE5f5zEgx2NqtDFbVL3ABGY62WCycHWg
BRETT,0x66bFf695f3B16a824869a8018a3A6e3685241269
BTRST,0x799ebfabe77a6e34311eeee9825190b9ece32824
cbBTC,0xcbB7C0000aB88B473b1f5aFd9ef808440eed33Bf
CHATGPT,0x7a61c05d51ef2aca38cb94117cb701cd70f4d236
CHATGPT,0xaed50e698b6b50c0e4406101e60bf7328e03554c
CHILLLUNA,0x8a4422a7df99d87dc8d8ead22f56e2ffbfe2915b
CHLUNA,0x1ef37bbfd6491f928a4cfcb08666a09e8c156729
CHOMP,0xebfF2db643Cf955247339c8c6bCD8406308ca437
CHRETT,0xF8a99F2bF2ce5bb6cE4aafcf070D8723bc904Aa2
DEEPSEEK,0x7870bf33b34aac95f361ff7dec3b250746f63049
ETH,0x9995de128a10c537695e45d8df40246bb1588eee
ETH,0x666E3ED8a1995b2F1972b0187983E75b0c8978aB
GLUTEU,0x06a63c498ef95ad1fa4fff841955e512b4b2198a
HAIR,0x9Ce115f0341ae5daBC8B477b74E83db2018A6f42
KUDAI,0x288f4eb27400fa220d14b864259ad1b7f77c1594
HIGHER,0x0578d8A44db98B23BF096A382e016e29a5Ce0ffe
LUNA,CrnJaG7NoCRecHqy1f9dp1rwHvWS6nGRLFt9Zcv8UV2Q
LUNA,0x55cD6469F597452B5A7536e2CD98fDE4c1247ee4
MAVIA,0x24fcFC492C1393274B6bcd568ac9e225BEc93584
FLIPGG,0x2c5473fc7bfbe2fd496af6310d86f8d2ba5e342a
GOON,0xed7b04a3fdcc4b0718f76ab796d58f39212815cc
MOG,0x30c1d9b1cbd5590d6da01069a331e110482a8a91
NAKI,0x49d74f78dcb3121c95d2035d73b60b51b4bb7d7e
NEET,0x7aae143eb979aec252fee9f7f17fdd6b17597a86
RICKY,0x09b052085E9C6291fbf0dfB0918C861bcb47Eb25
ROOST,0xeD899bfDB28c8ad65307Fa40f4acAB113AE2E14c
SKYA,0x623cD3a3EdF080057892aaF8D773Bbb7A5C9b6e9
RIZVUSDC,0x7bb8b0b176199b3313642dde3421e38e548d6570
SALUKI,0x26c69e4924bd0d7d52d680b33616042ee13f621c
USA,GAYCVRGZH2tHms1c5sCprE2JEbuz8tJ9ZxCNUX1cKwWR
USA,0xb56d0839998fd79efcd15c27cf966250aa58d6d3
USA,69kdRLyP5DTRkpHraaSZAQbWmAwzF9guKjZfzMXzcbAs
USDC,0xa0b86991c6218b36c1d19d4a2e9eb0ce3606eb48
SKIBRETT,0x39a271744ce588f6ae8707fe4f7a2ae3c3570a72
SKILUNA,0x54cf68f204ba798f8ed0287e66e4170d3c2b4892
VIRTUAL,0x44ff8620b8cA30902395A7bD3F2407e1A091BF73
VVV,0xacfE6019Ed1A7Dc6f7B508C02d1b04ec88cC21bf
VEVIRTUAL,0x14559863b6e695a8aa4b7e68541d240ac1bbeb2f
WDD,0xede54d9c024ee80c85ec0a75ed2d8774c7fbac9b
WGC,0x3d63825b0d8669307366e6c8202f656b9e91d368
WETH,0xc02aaa39b223fe8d0a0e5c4f27ead9083c756cc2
Web3,0xf45de5A6d02c4a6E050B90Add33ebf0A34D017e0